Name,Gender,DOB,Aadhaar Number,Masked Aadhaar
Priya Sharma,Female,1999-12-25,9891 6263 5902,XXXX-XXXX-9098
Sanya Khan,Female,1987-10-12,6091 5838 3195,XXXX-XXXX-9279
Sanya Khan,Female,1986-09-06,3229 5118 3284,XXXX-XXXX-2574
Priya Sharma,Female,2005-07-20,3901 9468 4299,XXXX-XXXX-8175
Kavya Nair,Female,2000-10-19,2045 7795 7752,XXXX-XXXX-7613
Kavya Nair,Female,1992-11-12,8435 8457 4064,XXXX-XXXX-3956
Aditi Verma,Female,1989-02-21,8536 8745 4797,XXXX-XXXX-3164
Ishita Das,Female,1985-01-05,8779 3036 2837,XXXX-XXXX-7907
Aditi Verma,Female,1989-12-01,7365 5304 9637,XXXX-XXXX-6269
Aditi Verma,Female,1986-02-13,7061 7367 5119,XXXX-XXXX-1437
Priya Sharma,Female,1987-04-05,6013 4935 8243,XXXX-XXXX-9904
Aditi Verma,Female,1990-09-23,4367 9125 4897,XXXX-XXXX-3474
Priya Sharma,Female,1987-05-05,3699 8770 8760,XXXX-XXXX-3690
Sanya Khan,Female,1991-11-17,4340 9749 9234,XXXX-XXXX-5977
Kavya Nair,Female,1987-08-09,5722 2094 3868,XXXX-XXXX-1216
Aditi Verma,Female,1985-01-14,1547 9279 7656,XXXX-XXXX-6839
Priya Sharma,Female,2003-05-16,5063 3042 2508,XXXX-XXXX-2731
Ishita Das,Female,1986-11-28,2517 7763 6308,XXXX-XXXX-6407
Priya Sharma,Female,2002-01-25,1785 4902 4272,XXXX-XXXX-5835
Ishita Das,Female,1986-02-02,4294 2135 5119,XXXX-XXXX-1782
Ishita Das,Female,1985-10-04,8225 3800 5241,XXXX-XXXX-8454
Priya Sharma,Female,1988-09-02,8084 5765 2856,XXXX-XXXX-6306
Sanya Khan,Female,1995-07-19,6283 3726 2946,XXXX-XXXX-7286
Aditi Verma,Female,1995-02-27,7350 8513 9152,XXXX-XXXX-6323
Ishita Das,Female,2001-12-21,5600 1668 9440,XXXX-XXXX-2203
Priya Sharma,Female,1995-09-13,7582 3518 8330,XXXX-XXXX-4453
Aditi Verma,Female,2000-02-02,2043 8955 4369,XXXX-XXXX-6904
Aditi Verma,Female,2000-07-21,2735 4667 4551,XXXX-XXXX-2858
Aditi Verma,Female,1992-05-09,3463 4357 6321,XXXX-XXXX-9522
Sanya Khan,Female,1986-12-02,7864 4755 7123,XXXX-XXXX-1810
Priya Sharma,Female,1999-07-15,1177 7073 1019,XXXX-XXXX-3574
Kavya Nair,Female,1991-12-05,1768 9541 7865,XXXX-XXXX-9694
Priya Sharma,Female,1988-12-06,4770 1506 3328,XXXX-XXXX-3889
Sanya Khan,Female,1990-07-03,3832 3668 4602,XXXX-XXXX-8924
Ishita Das,Female,1987-01-18,6042 9743 5860,XXXX-XXXX-7744
Aditi Verma,Female,1998-04-14,4460 9089 1374,XXXX-XXXX-9973
Priya Sharma,Female,1986-03-20,5877 9558 7600,XXXX-XXXX-2708
Ishita Das,Female,1994-02-27,8643 8772 2931,XXXX-XXXX-9086
Kavya Nair,Female,1998-04-08,2719 8429 9469,XXXX-XXXX-2046
Sanya Khan,Female,1990-04-24,3779 9822 6582,XXXX-XXXX-2609
Ishita Das,Female,2003-06-04,8146 9578 7189,XXXX-XXXX-2813
Kavya Nair,Female,2003-01-05,6387 3045 7037,XXXX-XXXX-3018
Aditi Verma,Female,2001-12-24,1635 2473 1760,XXXX-XXXX-6419
Priya Sharma,Female,1998-02-13,8159 3529 5397,XXXX-XXXX-5905
Sanya Khan,Female,2000-03-13,3821 8142 7651,XXXX-XXXX-5361
Ishita Das,Female,1994-09-24,4795 7840 3961,XXXX-XXXX-3005
Kavya Nair,Female,2003-11-20,3466 4228 4183,XXXX-XXXX-5266
Priya Sharma,Female,1991-01-22,9492 6894 4317,XXXX-XXXX-4082
Sanya Khan,Female,2003-11-24,8227 9147 8641,XXXX-XXXX-5267
Priya Sharma,Female,1997-03-22,3911 6701 8598,XXXX-XXXX-4024
Kavya Nair,Female,1993-09-10,2558 7392 2811,XXXX-XXXX-2300
Ishita Das,Female,2001-05-16,2428 9020 7451,XXXX-XXXX-8617
Kavya Nair,Female,2005-08-25,8710 2428 5836,XXXX-XXXX-1437
Sanya Khan,Female,1991-11-25,3403 1636 2878,XXXX-XXXX-3384
Ishita Das,Female,1996-07-24,1782 6453 1972,XXXX-XXXX-4493
Kavya Nair,Female,1988-11-04,6006 9426 8725,XXXX-XXXX-5604
Sanya Khan,Female,1993-05-02,4838 6567 9417,XXXX-XXXX-9960
Aditi Verma,Female,1994-03-01,5291 6978 8849,XXXX-XXXX-7501
Sanya Khan,Female,2003-01-04,7234 3762 4728,XXXX-XXXX-5863
Ishita Das,Female,1988-07-23,4492 9050 1238,XXXX-XXXX-5706
Sanya Khan,Female,1994-06-27,1368 3392 2429,XXXX-XXXX-1758
Aditi Verma,Female,2005-01-25,7748 4678 8620,XXXX-XXXX-2073
Sanya Khan,Female,1997-02-05,5364 5080 8762,XXXX-XXXX-1017
Priya Sharma,Female,1995-11-24,3073 5132 5970,XXXX-XXXX-9337
Priya Sharma,Female,1990-07-15,7341 4035 3506,XXXX-XXXX-8928
Ishita Das,Female,2001-04-27,5691 6452 4093,XXXX-XXXX-2476
Aditi Verma,Female,2004-07-09,5245 5327 9649,XXXX-XXXX-4970
Priya Sharma,Female,2003-04-10,6986 1251 5106,XXXX-XXXX-3980
Sanya Khan,Female,1989-02-12,6659 6923 3498,XXXX-XXXX-5146
Kavya Nair,Female,1995-06-01,3194 8691 6030,XXXX-XXXX-3854
Priya Sharma,Female,1993-11-24,5939 1623 6158,XXXX-XXXX-6183
Aditi Verma,Female,1997-12-27,7978 2954 2201,XXXX-XXXX-9266
Aditi Verma,Female,2001-09-26,5869 3770 9579,XXXX-XXXX-8783
Ishita Das,Female,2005-07-13,3814 2606 7074,XXXX-XXXX-1976
Aditi Verma,Female,1996-03-23,6392 3955 1249,XXXX-XXXX-6121
Ishita Das,Female,2005-01-18,5543 2446 3150,XXXX-XXXX-6290
Kavya Nair,Female,1988-11-25,4826 7299 6283,XXXX-XXXX-1177
Kavya Nair,Female,1991-05-15,8437 6389 8768,XXXX-XXXX-7748
Ishita Das,Female,1997-07-06,3892 2933 6829,XXXX-XXXX-4363
Kavya Nair,Female,2004-10-27,2043 8736 6410,XXXX-XXXX-4369
Priya Sharma,Female,1990-01-14,2671 6261 3380,XXXX-XXXX-8373
Priya Sharma,Female,2005-11-16,8286 8654 1889,XXXX-XXXX-5793
Ishita Das,Female,2001-03-28,7628 3229 4382,XXXX-XXXX-9823
Ishita Das,Female,1994-09-10,9505 2688 9990,XXXX-XXXX-3835
Ishita Das,Female,1993-09-13,8169 4741 6110,XXXX-XXXX-7256
Aditi Verma,Female,2003-09-02,3611 1236 3541,XXXX-XXXX-5925
Kavya Nair,Female,1988-12-14,8930 6415 2125,XXXX-XXXX-8429
Aditi Verma,Female,2001-03-20,1545 7214 3553,XXXX-XXXX-6537
Sanya Khan,Female,1996-02-13,5074 8157 4691,XXXX-XXXX-9047
Aditi Verma,Female,2005-11-14,4952 7735 2366,XXXX-XXXX-8531
Aditi Verma,Female,1989-11-11,4843 4007 3611,XXXX-XXXX-3786
Aditi Verma,Female,1991-11-08,8491 7355 2340,XXXX-XXXX-2860
Ishita Das,Female,1990-11-25,2942 6749 2590,XXXX-XXXX-8556
Ishita Das,Female,1995-03-11,7119 2073 3947,XXXX-XXXX-6968
Sanya Khan,Female,1991-12-19,6709 5013 3977,XXXX-XXXX-8521
Kavya Nair,Female,2004-03-14,5459 5414 2047,XXXX-XXXX-8385
Ishita Das,Female,1991-01-17,3448 8067 3110,XXXX-XXXX-1742
Ishita Das,Female,2000-07-21,6955 1417 5758,XXXX-XXXX-5017
Sanya Khan,Female,2004-02-24,2685 9722 6805,XXXX-XXXX-1367
Ishita Das,Female,2002-07-06,8087 8045 3332,XXXX-XXXX-6890
Ishita Das,Female,1985-07-23,2261 7008 8903,XXXX-XXXX-5119
Aditi Verma,Female,1985-12-06,3720 5911 5676,XXXX-XXXX-7102
Priya Sharma,Female,1991-01-02,6556 3141 2332,XXXX-XXXX-6544
Kavya Nair,Female,1988-04-16,3160 1517 5176,XXXX-XXXX-1465
Priya Sharma,Female,1997-03-04,8719 8752 3063,XXXX-XXXX-3490
Priya Sharma,Female,2000-01-28,7875 9635 2134,XXXX-XXXX-6744
Priya Sharma,Female,1991-03-12,4448 8045 2727,XXXX-XXXX-5322
Aditi Verma,Female,1990-07-20,1635 5657 8889,XXXX-XXXX-1122
Sanya Khan,Female,1994-03-02,7138 5024 3291,XXXX-XXXX-3668
Aditi Verma,Female,1986-08-04,9984 2274 2219,XXXX-XXXX-6577
Priya Sharma,Female,1998-04-03,4638 2027 1007,XXXX-XXXX-2782
Aditi Verma,Female,1993-12-03,1778 3758 3079,XXXX-XXXX-9847
Priya Sharma,Female,1996-12-21,8504 1115 2502,XXXX-XXXX-3154
Ishita Das,Female,1995-09-23,9110 2907 9028,XXXX-XXXX-1433
Kavya Nair,Female,1992-11-07,7329 5860 4136,XXXX-XXXX-7992
Priya Sharma,Female,1998-06-21,6607 3641 1748,XXXX-XXXX-1492
Sanya Khan,Female,1999-07-26,3147 4243 7541,XXXX-XXXX-5797
Sanya Khan,Female,1998-08-24,1898 8751 1554,XXXX-XXXX-5648
Kavya Nair,Female,2000-11-03,3173 6461 1884,XXXX-XXXX-9776
Ishita Das,Female,2003-11-16,1931 8545 6330,XXXX-XXXX-3111
Ishita Das,Female,1991-06-11,6686 2934 8823,XXXX-XXXX-8424
Ishita Das,Female,2001-07-19,5360 2869 1476,XXXX-XXXX-4544
Kavya Nair,Female,1985-10-20,2812 3986 6616,XXXX-XXXX-6839
Aditi Verma,Female,1996-08-23,7634 9663 3697,XXXX-XXXX-9406
Ishita Das,Female,1987-06-23,4377 3150 8367,XXXX-XXXX-1629
Sanya Khan,Female,2003-02-11,7780 4258 3915,XXXX-XXXX-1339
Aditi Verma,Female,2001-04-27,6355 6586 3712,XXXX-XXXX-4505
Priya Sharma,Female,1985-06-16,1708 3941 4264,XXXX-XXXX-2859
Ishita Das,Female,1986-09-24,3559 6130 2335,XXXX-XXXX-1740
Kavya Nair,Female,2000-01-23,6873 3316 2701,XXXX-XXXX-3425
Ishita Das,Female,2004-04-02,7405 5053 3373,XXXX-XXXX-8460
Ishita Das,Female,2005-03-18,6184 5673 6567,XXXX-XXXX-4306
Kavya Nair,Female,1998-10-23,9938 6131 8004,XXXX-XXXX-3707
Aditi Verma,Female,1988-08-28,4955 7881 3712,XXXX-XXXX-7153
Kavya Nair,Female,2003-02-10,9025 6130 3763,XXXX-XXXX-3539
Kavya Nair,Female,2002-02-01,3276 5423 7036,XXXX-XXXX-6985
Aditi Verma,Female,1988-04-09,2792 3267 8282,XXXX-XXXX-7185
Ishita Das,Female,1994-05-22,7059 8387 8664,XXXX-XXXX-9777
Sanya Khan,Female,1995-09-05,6075 2987 5330,XXXX-XXXX-4161
Priya Sharma,Female,1995-04-20,4394 6378 7535,XXXX-XXXX-1584
Ishita Das,Female,1993-07-04,3144 5202 4293,XXXX-XXXX-9637
Kavya Nair,Female,1994-11-20,4817 6970 1507,XXXX-XXXX-9683
Ishita Das,Female,1987-02-04,7865 3334 9174,XXXX-XXXX-6104
Kavya Nair,Female,1987-04-15,2981 9924 1353,XXXX-XXXX-2870
Kavya Nair,Female,1989-06-04,7100 7943 9869,XXXX-XXXX-3669
Kavya Nair,Female,1993-10-01,8635 7435 5383,XXXX-XXXX-4454
Sanya Khan,Female,1990-09-16,5708 4991 7724,XXXX-XXXX-6134
Priya Sharma,Female,2005-09-06,3321 2706 1771,XXXX-XXXX-3017
Ishita Das,Female,1994-11-08,8245 2549 6670,XXXX-XXXX-2353
Aditi Verma,Female,1992-01-14,1204 7664 1511,XXXX-XXXX-7207
Kavya Nair,Female,1987-12-02,5316 2640 4224,XXXX-XXXX-9645
Priya Sharma,Female,1998-04-24,1330 1737 7965,XXXX-XXXX-5971
Sanya Khan,Female,2001-10-10,2278 3752 3427,XXXX-XXXX-9746
Aditi Verma,Female,1994-02-18,4183 3625 9068,XXXX-XXXX-5043
Kavya Nair,Female,1996-07-07,8207 1377 3407,XXXX-XXXX-9623
Sanya Khan,Female,2002-11-27,6781 1652 8868,XXXX-XXXX-4554
Priya Sharma,Female,2002-02-07,5330 7406 2335,XXXX-XXXX-8021
Ishita Das,Female,1985-10-23,4167 7249 7163,XXXX-XXXX-7109
Aditi Verma,Female,2001-01-24,6517 5814 2686,XXXX-XXXX-4372
Ishita Das,Female,1998-08-27,7681 9009 8451,XXXX-XXXX-8054
Kavya Nair,Female,1993-12-23,5374 3350 1105,XXXX-XXXX-3661
Aditi Verma,Female,1987-12-02,1905 7600 4544,XXXX-XXXX-9048
Sanya Khan,Female,2003-04-18,9821 5589 2599,XXXX-XXXX-1791
Ishita Das,Female,1999-10-07,4746 9258 4760,XXXX-XXXX-4908
Sanya Khan,Female,1996-06-25,2531 2144 5350,XXXX-XXXX-6964
Kavya Nair,Female,1998-06-08,6036 1879 2417,XXXX-XXXX-5188
Kavya Nair,Female,1999-08-01,5410 8180 3111,XXXX-XXXX-1687
Kavya Nair,Female,1987-05-13,1880 9477 8176,XXXX-XXXX-8297
Ishita Das,Female,1987-06-28,2947 2740 6197,XXXX-XXXX-8174
Sanya Khan,Female,1987-09-27,8249 8369 3784,XXXX-XXXX-8552
Sanya Khan,Female,1997-07-03,4529 7557 1483,XXXX-XXXX-6104
Priya Sharma,Female,1986-12-11,4332 5316 1774,XXXX-XXXX-1275
Priya Sharma,Female,1985-12-01,5641 5602 9334,XXXX-XXXX-3153
Kavya Nair,Female,1990-02-10,8182 5837 1068,XXXX-XXXX-8659
Kavya Nair,Female,2001-09-08,8169 8585 1874,XXXX-XXXX-4170
Priya Sharma,Female,1985-05-09,8563 3336 4663,XXXX-XXXX-9737
Priya Sharma,Female,1990-10-07,9976 8771 2489,XXXX-XXXX-8984
Kavya Nair,Female,1985-03-20,2962 2942 6550,XXXX-XXXX-1166
Aditi Verma,Female,1987-09-20,6668 4368 7874,XXXX-XXXX-4562
Aditi Verma,Female,2003-06-27,7310 3838 6764,XXXX-XXXX-4085
Sanya Khan,Female,2004-01-20,7479 3029 9316,XXXX-XXXX-6186
Ishita Das,Female,2005-05-26,9289 2366 7956,XXXX-XXXX-5220
Ishita Das,Female,1999-07-02,9859 2920 5193,XXXX-XXXX-7320
Sanya Khan,Female,1990-04-11,6740 5545 6149,XXXX-XXXX-2483
Ishita Das,Female,1988-10-17,7129 9138 1360,XXXX-XXXX-6034
Sanya Khan,Female,1985-08-19,3343 5328 5961,XXXX-XXXX-4049
Sanya Khan,Female,1996-02-26,1924 5298 3710,XXXX-XXXX-2766
Aditi Verma,Female,2000-09-13,9041 2990 4227,XXXX-XXXX-8273
Aditi Verma,Female,1997-02-23,1985 5167 1770,XXXX-XXXX-5647
Ishita Das,Female,1996-03-27,7590 1748 8999,XXXX-XXXX-7085
Priya Sharma,Female,1998-07-11,2549 6829 7024,XXXX-XXXX-3516
Ishita Das,Female,1999-03-27,2048 8385 8881,XXXX-XXXX-5060
Priya Sharma,Female,1988-05-09,4732 1133 4765,XXXX-XXXX-2864
Ishita Das,Female,2001-03-05,8173 6986 3328,XXXX-XXXX-8582
Kavya Nair,Female,1986-01-24,4911 8568 5115,XXXX-XXXX-1166
Priya Sharma,Female,1985-08-04,7242 6342 3675,XXXX-XXXX-4637
Sanya Khan,Female,1996-08-24,4850 7713 2149,XXXX-XXXX-2555
Kavya Nair,Female,2002-09-17,6422 7908 3900,XXXX-XXXX-1938
Ishita Das,Female,1994-07-11,7494 8346 5357,XXXX-XXXX-5113
Ishita Das,Female,2004-03-07,5631 3319 1238,XXXX-XXXX-7420
Priya Sharma,Female,1994-10-12,8783 5698 2184,XXXX-XXXX-4937
Ishita Das,Female,1988-10-03,1997 3231 9709,XXXX-XXXX-3919
Priya Sharma,Female,1995-04-05,1949 4126 1920,XXXX-XXXX-7129
Sanya Khan,Female,2000-01-15,9341 1786 9981,XXXX-XXXX-9260
Kavya Nair,Female,1998-02-22,4980 5488 3961,XXXX-XXXX-7113
Ishita Das,Female,1985-12-07,2856 6015 9146,XXXX-XXXX-8877
Priya Sharma,Female,1988-04-02,1683 3454 4249,XXXX-XXXX-7537
Kavya Nair,Female,1989-11-10,2817 9562 5095,XXXX-XXXX-8869
Priya Sharma,Female,1992-12-11,1956 2081 2808,XXXX-XXXX-6592
Sanya Khan,Female,2002-09-27,6109 9673 3664,XXXX-XXXX-9214
Sanya Khan,Female,1997-02-09,9626 7239 2991,XXXX-XXXX-2732
Sanya Khan,Female,1994-03-15,2003 4073 6646,XXXX-XXXX-6912
Kavya Nair,Female,2000-11-25,9626 8836 7831,XXXX-XXXX-2751
Kavya Nair,Female,2002-12-01,5839 2569 7540,XXXX-XXXX-4544
Sanya Khan,Female,1987-11-06,6817 2475 4733,XXXX-XXXX-4985
Sanya Khan,Female,1999-05-03,7739 7431 8491,XXXX-XXXX-5018
Priya Sharma,Female,2000-04-01,2658 4199 7305,XXXX-XXXX-5163
Sanya Khan,Female,1993-04-18,9598 8945 5777,XXXX-XXXX-1969
Aditi Verma,Female,2002-05-16,8116 5939 3252,XXXX-XXXX-2536
Sanya Khan,Female,1990-06-11,3512 9463 1393,XXXX-XXXX-5602
Aditi Verma,Female,1989-01-15,4326 6193 8018,XXXX-XXXX-6654
Ishita Das,Female,1989-04-24,9003 4727 3971,XXXX-XXXX-2986
Aditi Verma,Female,2000-10-17,3628 5708 4687,XXXX-XXXX-5657
Ishita Das,Female,1989-12-11,9708 2188 8503,XXXX-XXXX-8908
Aditi Verma,Female,1993-07-09,3107 5530 7223,XXXX-XXXX-5515
Ishita Das,Female,1995-02-13,3048 8218 3693,XXXX-XXXX-5473
Sanya Khan,Female,1986-02-04,1664 8372 6007,XXXX-XXXX-1684
Aditi Verma,Female,1996-06-25,8208 7640 5699,XXXX-XXXX-2721
Priya Sharma,Female,1987-09-06,9653 3941 9548,XXXX-XXXX-5951
Kavya Nair,Female,1988-09-28,1848 8582 1244,XXXX-XXXX-1186
Ishita Das,Female,1996-09-06,4621 9371 6597,XXXX-XXXX-9037
Kavya Nair,Female,1992-02-23,8863 5734 3419,XXXX-XXXX-8226
Ishita Das,Female,1992-05-06,8389 7237 7838,XXXX-XXXX-7880
Priya Sharma,Female,2002-03-20,3194 1853 6600,XXXX-XXXX-8805
Kavya Nair,Female,1998-02-01,1874 7886 4707,XXXX-XXXX-5992
Kavya Nair,Female,1988-10-23,1651 8105 4845,XXXX-XXXX-6956
Ishita Das,Female,1988-12-18,4240 7387 3278,XXXX-XXXX-8025
Kavya Nair,Female,2004-09-15,4596 9125 3582,XXXX-XXXX-9032
Ishita Das,Female,1990-06-19,5650 2510 1726,XXXX-XXXX-1861
Ishita Das,Female,1992-12-23,4385 2704 2824,XXXX-XXXX-5514
Aditi Verma,Female,2002-10-04,2046 8780 4077,XXXX-XXXX-8855
Sanya Khan,Female,1989-02-11,1791 9506 5633,XXXX-XXXX-4767
Ishita Das,Female,1994-06-24,1619 3668 6865,XXXX-XXXX-5806
Ishita Das,Female,2000-11-09,4784 7905 3479,XXXX-XXXX-4334
Ishita Das,Female,1990-07-21,3154 4836 9329,XXXX-XXXX-7323
Aditi Verma,Female,2003-04-28,1757 5123 7550,XXXX-XXXX-4763
Ishita Das,Female,1989-11-24,9168 4019 1606,XXXX-XXXX-6072
Aditi Verma,Female,1985-10-10,6892 2450 5035,XXXX-XXXX-4981
Ishita Das,Female,1994-05-25,5616 8099 1159,XXXX-XXXX-3143
Ishita Das,Female,1985-02-20,1481 3512 1251,XXXX-XXXX-5725
Kavya Nair,Female,1991-11-26,4725 3573 9073,XXXX-XXXX-8687
Priya Sharma,Female,1985-02-28,3997 6282 1508,XXXX-XXXX-3887
Sanya Khan,Female,2004-06-17,7867 8192 9759,XXXX-XXXX-2432
Kavya Nair,Female,1995-02-18,9446 1425 6830,XXXX-XXXX-6916
Priya Sharma,Female,1994-06-21,8387 4568 1806,XXXX-XXXX-4650
Priya Sharma,Female,1986-10-19,3584 5768 1571,XXXX-XXXX-6166
Priya Sharma,Female,1993-04-27,3777 5170 2863,XXXX-XXXX-8281
Sanya Khan,Female,2001-06-23,6056 7158 6728,XXXX-XXXX-9273
Aditi Verma,Female,1994-02-11,4869 4265 4789,XXXX-XXXX-1913
Sanya Khan,Female,1990-08-27,2533 6595 1078,XXXX-XXXX-8431
Ishita Das,Female,1986-02-10,3510 1236 9842,XXXX-XXXX-8652
Ishita Das,Female,2000-10-16,5339 2678 4372,XXXX-XXXX-7032
Kavya Nair,Female,1999-10-16,6854 2107 7474,XXXX-XXXX-5133
Priya Sharma,Female,1990-07-06,1112 4655 1099,XXXX-XXXX-2364
Sanya Khan,Female,1994-08-05,4298 8856 3678,XXXX-XXXX-1560
Ishita Das,Female,1990-10-06,9750 6597 4873,XXXX-XXXX-7220
Kavya Nair,Female,1993-12-12,1496 1199 2016,XXXX-XXXX-2750
Priya Sharma,Female,1986-11-01,7523 9887 7507,XXXX-XXXX-7088
Ishita Das,Female,1998-04-07,2020 8353 5456,XXXX-XXXX-1926
Aditi Verma,Female,1995-01-12,3630 6968 7644,XXXX-XXXX-1936
Kavya Nair,Female,1988-04-11,2542 8875 4698,XXXX-XXXX-5774
Sanya Khan,Female,1991-02-03,3958 1532 4039,XXXX-XXXX-7119
Kavya Nair,Female,1987-09-13,7355 6242 9165,XXXX-XXXX-3108
Sanya Khan,Female,1999-01-09,6247 9666 4343,XXXX-XXXX-1410
Aditi Verma,Female,1995-04-24,3448 3523 1453,XXXX-XXXX-4148
Sanya Khan,Female,2001-11-20,2845 4453 2945,XXXX-XXXX-7549
Ishita Das,Female,2003-09-19,9986 9957 6632,XXXX-XXXX-4473
Aditi Verma,Female,2002-03-26,9623 8419 7898,XXXX-XXXX-5744
Sanya Khan,Female,2001-02-07,4390 7237 3336,XXXX-XXXX-2016
Priya Sharma,Female,1989-03-02,8240 7382 8073,XXXX-XXXX-6872
Ishita Das,Female,1998-06-21,6710 6185 8403,XXXX-XXXX-8729
Sanya Khan,Female,1992-10-26,7170 2552 8051,XXXX-XXXX-9705
Kavya Nair,Female,1989-09-03,8822 9169 3635,XXXX-XXXX-1297
Ishita Das,Female,2002-01-01,8986 4325 1567,XXXX-XXXX-6350
Aditi Verma,Female,1993-03-14,9044 4053 5579,XXXX-XXXX-3653
Kavya Nair,Female,1996-09-04,5643 2318 6083,XXXX-XXXX-1421
Kavya Nair,Female,1999-01-27,1422 3914 7201,XXXX-XXXX-2317
Ishita Das,Female,1994-12-09,2482 7395 5028,XXXX-XXXX-5976
Sanya Khan,Female,1989-11-06,5177 8325 2780,XXXX-XXXX-2496
Ishita Das,Female,2000-09-05,9270 5853 7097,XXXX-XXXX-4406
Aditi Verma,Female,1998-11-04,3142 2156 8125,XXXX-XXXX-7122
Aditi Verma,Female,1990-01-01,8662 3816 5248,XXXX-XXXX-1159
Aditi Verma,Female,2005-11-19,5320 5906 7724,XXXX-XXXX-9980
Kavya Nair,Female,1988-11-23,2612 9494 4660,XXXX-XXXX-8798
Ishita Das,Female,1990-10-08,4009 4444 5000,XXXX-XXXX-7613
Ishita Das,Female,1991-09-14,6525 9509 6980,XXXX-XXXX-1414
Kavya Nair,Female,2005-06-25,7998 5200 8434,XXXX-XXXX-8973
Kavya Nair,Female,1992-10-26,5399 5988 6651,XXXX-XXXX-7147
Ishita Das,Female,2004-12-09,8402 5896 6771,XXXX-XXXX-8310
Priya Sharma,Female,1987-04-10,3737 4386 2259,XXXX-XXXX-9366
Kavya Nair,Female,1991-03-12,4341 1928 1985,XXXX-XXXX-6634
Kavya Nair,Female,1990-08-12,8157 8957 1627,XXXX-XXXX-8474
Priya Sharma,Female,1999-10-06,3576 2109 9187,XXXX-XXXX-9214
Sanya Khan,Female,2001-11-06,7777 3205 4328,XXXX-XXXX-4476
Priya Sharma,Female,2003-04-11,1043 7657 3953,XXXX-XXXX-3633
Priya Sharma,Female,2002-09-16,6027 3721 7445,XXXX-XXXX-9553
Kavya Nair,Female,1986-04-27,6501 9661 6172,XXXX-XXXX-7955
Kavya Nair,Female,2003-04-21,5567 5117 2274,XXXX-XXXX-5213
Kavya Nair,Female,2000-10-05,8276 5089 5147,XXXX-XXXX-9854
Priya Sharma,Female,2000-08-06,1853 2168 6687,XXXX-XXXX-2815
Aditi Verma,Female,2003-07-07,2646 1673 2948,XXXX-XXXX-9989
Aditi Verma,Female,1992-03-08,8295 6085 6633,XXXX-XXXX-7857
Sanya Khan,Female,2005-09-19,6568 8101 3160,XXXX-XXXX-8868
Kavya Nair,Female,1989-01-09,7718 3598 1870,XXXX-XXXX-9265
Ishita Das,Female,1994-02-27,9517 6389 2278,XXXX-XXXX-2090
Kavya Nair,Female,2001-07-10,6990 2440 6351,XXXX-XXXX-4219
Sanya Khan,Female,1998-05-18,8749 7912 5833,XXXX-XXXX-8225
Sanya Khan,Female,1994-03-19,1568 9555 9612,XXXX-XXXX-1470
Priya Sharma,Female,1985-12-05,4465 3634 6481,XXXX-XXXX-5282
Aditi Verma,Female,1997-11-21,9545 3385 1989,XXXX-XXXX-4510
Priya Sharma,Female,1991-02-20,2424 3342 2239,XXXX-XXXX-8316
Aditi Verma,Female,1993-02-26,1487 7681 7920,XXXX-XXXX-1666
Sanya Khan,Female,1994-01-08,6496 7029 1819,XXXX-XXXX-2006
Aditi Verma,Female,1998-02-08,5687 1308 7953,XXXX-XXXX-5378
Ishita Das,Female,1990-03-13,6214 5430 3136,XXXX-XXXX-7579
Priya Sharma,Female,1988-10-24,1048 5707 1616,XXXX-XXXX-4866
Ishita Das,Female,2002-06-11,6270 9002 9800,XXXX-XXXX-4805
Kavya Nair,Female,1987-05-07,2043 8175 3867,XXXX-XXXX-1312
Ishita Das,Female,1998-07-10,1681 9665 3773,XXXX-XXXX-6491
Aditi Verma,Female,1988-03-24,5786 3844 6820,XXXX-XXXX-7047
Ishita Das,Female,1994-07-28,1828 5888 3447,XXXX-XXXX-3154
Kavya Nair,Female,1987-07-09,1186 2867 9528,XXXX-XXXX-8591
Priya Sharma,Female,2002-07-05,6149 6734 9170,XXXX-XXXX-5308
Aditi Verma,Female,1987-07-27,9051 8488 8360,XXXX-XXXX-5959
Priya Sharma,Female,2002-04-18,3804 5091 9245,XXXX-XXXX-4268
Sanya Khan,Female,2004-10-22,1783 6718 7772,XXXX-XXXX-2584
Priya Sharma,Female,2005-03-16,3802 5604 7570,XXXX-XXXX-2089
Sanya Khan,Female,1986-12-10,4122 6060 1655,XXXX-XXXX-6359
Ishita Das,Female,1996-05-20,7904 4702 5332,XXXX-XXXX-2277
Priya Sharma,Female,1998-03-12,7930 4147 5737,XXXX-XXXX-2300
Kavya Nair,Female,2002-08-12,2493 7572 1934,XXXX-XXXX-7230
Aditi Verma,Female,1986-08-08,4263 7665 5285,XXXX-XXXX-2070
Kavya Nair,Female,1995-01-12,6337 1506 2078,XXXX-XXXX-9062
Aditi Verma,Female,2001-09-16,2964 4439 6221,XXXX-XXXX-7206
Ishita Das,Female,1994-01-15,5455 5469 6945,XXXX-XXXX-6353
Priya Sharma,Female,2003-02-06,2548 6440 5171,XXXX-XXXX-7170
Ishita Das,Female,1989-07-22,1256 1067 1173,XXXX-XXXX-2419
Aditi Verma,Female,1997-01-19,8805 2827 1611,XXXX-XXXX-4884
Priya Sharma,Female,1995-07-27,4235 3559 7731,XXXX-XXXX-9904
Priya Sharma,Female,1987-07-09,3571 3606 9326,XXXX-XXXX-4498
Aditi Verma,Female,1988-05-05,9965 4547 3067,XXXX-XXXX-2844
Ishita Das,Female,1998-10-21,8433 5490 6169,XXXX-XXXX-2206
Ishita Das,Female,2001-07-27,3024 2376 3241,XXXX-XXXX-3804
Aditi Verma,Female,2005-07-26,2800 3490 4849,XXXX-XXXX-1019
Aditi Verma,Female,1988-12-24,7921 9214 7413,XXXX-XXXX-2586
Sanya Khan,Female,1987-06-05,5189 4035 7681,XXXX-XXXX-5664
Sanya Khan,Female,1994-03-17,9725 6998 8421,XXXX-XXXX-7323
Kavya Nair,Female,2005-06-20,5281 1891 3072,XXXX-XXXX-5914
Priya Sharma,Female,1998-04-28,3751 8573 9031,XXXX-XXXX-1330
Priya Sharma,Female,1993-10-22,3776 4006 3361,XXXX-XXXX-3692
Sanya Khan,Female,1995-04-07,6033 9721 7971,XXXX-XXXX-3536
Ishita Das,Female,1991-11-19,2814 9371 8112,XXXX-XXXX-4402
Kavya Nair,Female,2005-01-22,3760 5287 9041,XXXX-XXXX-3010
Sanya Khan,Female,1992-01-14,3061 7503 4724,XXXX-XXXX-3732
Aditi Verma,Female,1996-02-28,1263 6360 3616,XXXX-XXXX-4372
Priya Sharma,Female,1996-11-17,7026 2460 9577,XXXX-XXXX-3732
Priya Sharma,Female,1996-09-19,4648 9493 3952,XXXX-XXXX-4783
Sanya Khan,Female,1993-11-20,1440 7016 4706,XXXX-XXXX-3452
Kavya Nair,Female,2004-06-18,9786 7205 9721,XXXX-XXXX-9218
Sanya Khan,Female,1996-01-13,9974 6600 3127,XXXX-XXXX-3389
Aditi Verma,Female,2001-09-16,7293 6940 8494,XXXX-XXXX-2344
Sanya Khan,Female,2002-10-22,9023 9391 6772,XXXX-XXXX-3835
Aditi Verma,Female,1988-04-22,8011 6030 3778,XXXX-XXXX-3319
Aditi Verma,Female,1998-05-25,6297 7516 4610,XXXX-XXXX-7847
Aditi Verma,Female,1995-11-26,4195 3928 2999,XXXX-XXXX-1113
Sanya Khan,Female,2001-04-14,4953 5646 1900,XXXX-XXXX-6688
Kavya Nair,Female,2004-07-18,6321 1051 8398,XXXX-XXXX-4198
Kavya Nair,Female,1989-01-06,7618 8130 9045,XXXX-XXXX-1048
Ishita Das,Female,2005-03-04,3142 7952 8310,XXXX-XXXX-4349
Ishita Das,Female,1997-08-19,8549 2858 9910,XXXX-XXXX-8003
Priya Sharma,Female,1992-11-02,6902 6003 5090,XXXX-XXXX-7267
Sanya Khan,Female,1993-06-23,9563 6481 9725,XXXX-XXXX-9001
Sanya Khan,Female,1996-03-22,9801 2833 6385,XXXX-XXXX-2617
Aditi Verma,Female,1998-08-12,6146 1470 8504,XXXX-XXXX-2129
Sanya Khan,Female,1987-03-21,1068 8065 8459,XXXX-XXXX-9351
Kavya Nair,Female,1998-06-15,8425 4782 5322,XXXX-XXXX-7881
Priya Sharma,Female,1997-08-08,2396 9592 4794,XXXX-XXXX-3230
Ishita Das,Female,1987-03-18,3035 6582 6151,XXXX-XXXX-9000
Aditi Verma,Female,1996-04-25,1658 6642 2805,XXXX-XXXX-7955
Ishita Das,Female,2002-09-18,7112 3472 9514,XXXX-XXXX-9761
Aditi Verma,Female,1988-09-18,7410 1638 4510,XXXX-XXXX-3540
Aditi Verma,Female,1997-07-24,2506 5670 3898,XXXX-XXXX-8690
Kavya Nair,Female,2004-04-10,9270 3975 8850,XXXX-XXXX-6577
Sanya Khan,Female,1999-01-02,2522 8593 3529,XXXX-XXXX-5491
Sanya Khan,Female,2002-07-05,8508 2467 1224,XXXX-XXXX-1305
Ishita Das,Female,1998-02-12,7523 2358 7812,XXXX-XXXX-9953
Priya Sharma,Female,2005-07-20,8536 5515 2317,XXXX-XXXX-3899
Kavya Nair,Female,1988-11-25,5994 1129 9491,XXXX-XXXX-2782
Aditi Verma,Female,1999-04-03,4707 5430 5825,XXXX-XXXX-1557
Priya Sharma,Female,2002-06-04,6676 5943 3866,XXXX-XXXX-2701
Priya Sharma,Female,1997-07-21,5824 2231 8664,XXXX-XXXX-8623
Aditi Verma,Female,1996-07-13,3277 7512 7059,XXXX-XXXX-1701
Sanya Khan,Female,1990-09-20,5383 3378 4973,XXXX-XXXX-9250
Kavya Nair,Female,2001-02-01,1911 1148 5040,XXXX-XXXX-5559
Priya Sharma,Female,2005-06-27,8535 7189 2710,XXXX-XXXX-5024
Aditi Verma,Female,2005-12-22,4449 9755 7137,XXXX-XXXX-7746
Priya Sharma,Female,2002-05-02,1725 3569 7865,XXXX-XXXX-4050
Aditi Verma,Female,1998-11-12,8669 8764 2315,XXXX-XXXX-5353
Priya Sharma,Female,1994-06-19,1821 9997 9700,XXXX-XXXX-7643
Aditi Verma,Female,2001-10-22,4499 1858 7504,XXXX-XXXX-1117
Aditi Verma,Female,1996-10-24,6263 4776 5773,XXXX-XXXX-5259
Sanya Khan,Female,2001-12-21,3468 9814 7980,XXXX-XXXX-4059
Aditi Verma,Female,1997-01-22,7771 2959 8127,XXXX-XXXX-2625
Sanya Khan,Female,1987-12-20,7691 9755 9636,XXXX-XXXX-8938
Sanya Khan,Female,1985-03-15,1924 8034 6471,XXXX-XXXX-3280
Kavya Nair,Female,2003-11-20,2606 5111 6195,XXXX-XXXX-3880
Ishita Das,Female,1990-10-14,8642 2780 5548,XXXX-XXXX-1263
Sanya Khan,Female,1995-03-20,6250 4803 2941,XXXX-XXXX-3234
Kavya Nair,Female,1985-12-06,3199 1078 2809,XXXX-XXXX-5327
Ishita Das,Female,1987-07-19,3800 1419 4199,XXXX-XXXX-6542
Priya Sharma,Female,1997-04-25,1415 8947 5381,XXXX-XXXX-9499
Ishita Das,Female,1992-08-18,3585 9288 9497,XXXX-XXXX-5988
Ishita Das,Female,2000-02-20,4653 2462 7610,XXXX-XXXX-4953
Sanya Khan,Female,1997-09-27,6730 2834 9643,XXXX-XXXX-3043
Kavya Nair,Female,1998-01-13,9042 7838 3747,XXXX-XXXX-6621
Kavya Nair,Female,2005-01-15,3696 6343 8813,XXXX-XXXX-2273
Aditi Verma,Female,2000-01-03,5532 3700 5928,XXXX-XXXX-1568
Sanya Khan,Female,1994-11-04,2400 3193 8164,XXXX-XXXX-8575
Kavya Nair,Female,1985-09-24,9348 7058 5456,XXXX-XXXX-5188
Aditi Verma,Female,1986-01-10,2560 5583 8524,XXXX-XXXX-4426
Sanya Khan,Female,1990-09-09,7365 9327 1135,XXXX-XXXX-7987
Priya Sharma,Female,2003-04-13,1489 2311 6374,XXXX-XXXX-1703
Ishita Das,Female,1993-05-15,2351 8666 5779,XXXX-XXXX-6905
Kavya Nair,Female,2000-10-15,5484 9777 1009,XXXX-XXXX-7959
Sanya Khan,Female,1995-02-21,5196 2599 9463,XXXX-XXXX-4424
Priya Sharma,Female,1998-04-24,5180 1138 6580,XXXX-XXXX-9292
Ishita Das,Female,1997-09-05,1549 4479 7976,XXXX-XXXX-5155
Kavya Nair,Female,1999-05-07,9554 9910 2499,XXXX-XXXX-8923
Kavya Nair,Female,1998-04-07,5766 7851 5977,XXXX-XXXX-3449
Kavya Nair,Female,2005-07-17,4039 2334 2019,XXXX-XXXX-9453
Ishita Das,Female,1999-07-04,1089 4986 1781,XXXX-XXXX-3847
Sanya Khan,Female,1988-02-27,4428 3437 5503,XXXX-XXXX-2822
Aditi Verma,Female,2000-08-27,8041 8397 6679,XXXX-XXXX-9086
Kavya Nair,Female,1985-01-15,3451 7645 5086,XXXX-XXXX-2820
Aditi Verma,Female,1999-01-05,8118 6220 1983,XXXX-XXXX-5815
Priya Sharma,Female,1991-02-01,1741 9307 9539,XXXX-XXXX-9724
Sanya Khan,Female,1988-07-19,8125 8683 6877,XXXX-XXXX-3868
Aditi Verma,Female,1998-11-15,1968 1495 6821,XXXX-XXXX-6087
Ishita Das,Female,1997-08-15,9250 6365 6557,XXXX-XXXX-6101
Priya Sharma,Female,1997-08-19,5214 5018 9811,XXXX-XXXX-3394
Sanya Khan,Female,1987-06-17,4282 3016 5227,XXXX-XXXX-8138
Priya Sharma,Female,1988-12-04,1068 3930 9551,XXXX-XXXX-1027
Sanya Khan,Female,2004-03-08,5793 2728 8382,XXXX-XXXX-6351
Aditi Verma,Female,1985-03-27,4324 9022 3934,XXXX-XXXX-9646
Sanya Khan,Female,2004-03-16,5820 4472 3602,XXXX-XXXX-4319
Kavya Nair,Female,1994-05-07,9071 4363 3270,XXXX-XXXX-2491
Aditi Verma,Female,1990-08-18,9239 3427 9589,XXXX-XXXX-5874
Sanya Khan,Female,2002-05-10,4390 4569 5438,XXXX-XXXX-2205
Ishita Das,Female,1997-03-15,2028 3480 4181,XXXX-XXXX-6596
Kavya Nair,Female,1987-04-23,9188 8153 4729,XXXX-XXXX-4867
Ishita Das,Female,2001-07-09,5954 1329 3847,XXXX-XXXX-3040
Priya Sharma,Female,1998-10-04,6984 5124 4316,XXXX-XXXX-3303
Sanya Khan,Female,1993-11-23,9236 4520 4199,XXXX-XXXX-7040
Sanya Khan,Female,2002-10-20,7135 8542 8235,XXXX-XXXX-9615
Sanya Khan,Female,1999-05-28,1260 6177 5858,XXXX-XXXX-6757
Ishita Das,Female,2003-01-25,9519 6014 6161,XXXX-XXXX-7769
Kavya Nair,Female,1998-02-11,1661 3922 1900,XXXX-XXXX-5226
Kavya Nair,Female,2000-12-24,8714 5602 5603,XXXX-XXXX-6704
Priya Sharma,Female,1998-05-07,1865 4789 6375,XXXX-XXXX-1481
Aditi Verma,Female,2002-01-09,3429 2101 6261,XXXX-XXXX-2398
Priya Sharma,Female,2003-12-13,6353 5359 4921,XXXX-XXXX-5328
Ishita Das,Female,1990-05-28,6315 9440 6730,XXXX-XXXX-3800
Sanya Khan,Female,2001-05-18,3222 8714 5886,XXXX-XXXX-7588
Ishita Das,Female,1996-03-01,6811 1480 3479,XXXX-XXXX-3646
Priya Sharma,Female,2005-03-13,9066 4885 3521,XXXX-XXXX-2560
Priya Sharma,Female,1989-02-09,6584 8530 5398,XXXX-XXXX-2466
Sanya Khan,Female,1995-04-23,6439 3173 2289,XXXX-XXXX-3694
Sanya Khan,Female,1986-02-10,7596 7997 8187,XXXX-XXXX-4899
Priya Sharma,Female,1992-09-25,2675 2890 2200,XXXX-XXXX-6393
Priya Sharma,Female,1991-05-10,8814 4458 9890,XXXX-XXXX-9961
Sanya Khan,Female,1989-12-21,1143 7656 7293,XXXX-XXXX-3407
Sanya Khan,Female,1989-03-09,5610 1953 6341,XXXX-XXXX-8651
Priya Sharma,Female,1992-12-20,6253 4615 6574,XXXX-XXXX-5160
Kavya Nair,Female,1986-05-12,2995 9905 8544,XXXX-XXXX-3672
Kavya Nair,Female,2001-07-06,1248 5526 5053,XXXX-XXXX-6858
Priya Sharma,Female,1995-12-03,7767 2511 6694,XXXX-XXXX-4185
Aditi Verma,Female,1987-02-22,2143 1408 1812,XXXX-XXXX-4783
Kavya Nair,Female,1993-09-06,4318 7493 5439,XXXX-XXXX-8263
Ishita Das,Female,1994-12-28,5510 2606 4932,XXXX-XXXX-4329
Ishita Das,Female,2004-10-20,3951 8540 7807,XXXX-XXXX-4328
Priya Sharma,Female,1991-04-28,3184 5499 1699,XXXX-XXXX-9923
Sanya Khan,Female,1985-07-17,4537 2047 3621,XXXX-XXXX-2694
Aditi Verma,Female,2003-11-03,3421 4102 9670,XXXX-XXXX-1737
Kavya Nair,Female,1990-11-07,8850 3594 8453,XXXX-XXXX-5988
Priya Sharma,Female,2005-07-25,2159 2978 3551,XXXX-XXXX-9401
Ishita Das,Female,1985-03-16,9990 6911 7857,XXXX-XXXX-8630
Kavya Nair,Female,1996-07-26,5081 4642 9839,XXXX-XXXX-5950
Aditi Verma,Female,1985-10-22,4708 7313 7632,XXXX-XXXX-3390
Ishita Das,Female,1986-06-03,6501 8402 5544,XXXX-XXXX-1820
Ishita Das,Female,1994-11-01,1631 8223 4500,XXXX-XXXX-4783
Sanya Khan,Female,1998-11-10,2282 5809 2715,XXXX-XXXX-7599
Sanya Khan,Female,2000-11-24,3569 4715 3857,XXXX-XXXX-2079
Ishita Das,Female,2002-04-11,7574 5009 6732,XXXX-XXXX-5689
Ishita Das,Female,1987-04-28,9721 8547 7986,XXXX-XXXX-6068
Aditi Verma,Female,1992-12-17,2756 3801 6813,XXXX-XXXX-3767
Priya Sharma,Female,1995-08-12,2397 9305 6693,XXXX-XXXX-5867
Kavya Nair,Female,1987-10-21,7887 6748 6257,XXXX-XXXX-4548
Sanya Khan,Female,2002-04-21,4430 8893 9713,XXXX-XXXX-7716
Priya Sharma,Female,2003-07-01,1523 3248 9172,XXXX-XXXX-6989
Ishita Das,Female,1985-03-13,1517 9321 4362,XXXX-XXXX-4701
Sanya Khan,Female,1996-09-16,4438 7549 5650,XXXX-XXXX-5590
Sanya Khan,Female,1993-12-24,8106 5492 5010,XXXX-XXXX-3228
Aditi Verma,Female,1985-01-05,2641 8500 6331,XXXX-XXXX-9435
Ishita Das,Female,1997-05-24,8371 6650 1617,XXXX-XXXX-8294
Sanya Khan,Female,1985-11-06,4949 1179 5507,XXXX-XXXX-7597
Ishita Das,Female,1988-11-24,7346 9965 2615,XXXX-XXXX-2679
Ishita Das,Female,1994-10-23,6055 1339 6091,XXXX-XXXX-4208
Kavya Nair,Female,1999-09-12,4825 1228 4232,XXXX-XXXX-9882
Kavya Nair,Female,1995-06-23,8198 5669 3195,XXXX-XXXX-7055
Aditi Verma,Female,1998-12-04,4573 1515 7570,XXXX-XXXX-4137
Ishita Das,Female,1994-03-07,7002 5943 7472,XXXX-XXXX-7271
Ishita Das,Female,1987-12-26,5854 2513 3999,XXXX-XXXX-5474
Priya Sharma,Female,1994-10-21,7699 6140 1784,XXXX-XXXX-8886
Ishita Das,Female,1990-12-05,9955 1982 2602,XXXX-XXXX-6262
Sanya Khan,Female,1999-08-08,4543 8121 1367,XXXX-XXXX-5532
Kavya Nair,Female,1990-09-04,1604 6137 6885,XXXX-XXXX-5144
Ishita Das,Female,1995-11-15,4119 2198 1813,XXXX-XXXX-2742
Aditi Verma,Female,1991-10-23,6822 3653 4663,XXXX-XXXX-1821
Ishita Das,Female,2000-02-20,5793 5238 9061,XXXX-XXXX-2239
Aditi Verma,Female,2003-03-14,1350 3936 8456,XXXX-XXXX-4637
Kavya Nair,Female,1987-10-11,7270 8375 8234,XXXX-XXXX-8359
Ishita Das,Female,2001-09-08,4660 2178 5892,XXXX-XXXX-3248
Kavya Nair,Female,1991-08-27,8475 5161 4719,XXXX-XXXX-9748
Ishita Das,Female,1990-11-07,6030 9331 5063,XXXX-XXXX-9787
Ishita Das,Female,2001-12-14,6402 5035 1295,XXXX-XXXX-4251
Kavya Nair,Female,1985-01-05,3433 9215 5998,XXXX-XXXX-3549
Aditi Verma,Female,1986-10-04,4761 6211 5160,XXXX-XXXX-9324
Kavya Nair,Female,1997-04-04,2668 7979 2676,XXXX-XXXX-4243
Aditi Verma,Female,1991-01-23,5789 1401 8583,XXXX-XXXX-7700
Sanya Khan,Female,1993-03-15,2186 9056 9116,XXXX-XXXX-2853
Sanya Khan,Female,1997-03-10,4932 8311 3612,XXXX-XXXX-8272
Priya Sharma,Female,2000-10-19,2219 7690 3292,XXXX-XXXX-3485
Kavya Nair,Female,2001-01-19,2770 5494 8659,XXXX-XXXX-6214
Kavya Nair,Female,1996-09-18,7773 3565 4632,XXXX-XXXX-8559
Kavya Nair,Female,1985-11-06,4412 4080 5845,XXXX-XXXX-4844
Ishita Das,Female,1999-10-03,6065 4454 7740,XXXX-XXXX-1787
Priya Sharma,Female,2000-04-16,9094 6560 7842,XXXX-XXXX-3826
Kavya Nair,Female,1986-04-24,8765 3542 2422,XXXX-XXXX-4984
Kavya Nair,Female,1986-07-08,8623 4819 3193,XXXX-XXXX-6572
Sanya Khan,Female,1990-03-22,3918 5445 9285,XXXX-XXXX-2448
Sanya Khan,Female,1994-01-07,8739 8436 6856,XXXX-XXXX-5052
Ishita Das,Female,1995-05-13,3551 8753 3087,XXXX-XXXX-9133
Aditi Verma,Female,1997-07-05,8174 9774 7015,XXXX-XXXX-1240
Sanya Khan,Female,1990-02-01,4591 2095 4895,XXXX-XXXX-2022
Aditi Verma,Female,1991-02-15,1889 1491 1828,XXXX-XXXX-6049
Ishita Das,Female,2002-05-05,5336 3095 6591,XXXX-XXXX-4344
Aditi Verma,Female,1993-03-13,5519 1721 3043,XXXX-XXXX-1431
Sanya Khan,Female,2005-06-11,8115 2371 3815,XXXX-XXXX-4992
Priya Sharma,Female,1999-11-18,5078 6021 9784,XXXX-XXXX-8823
Kavya Nair,Female,2003-07-06,5200 4199 6395,XXXX-XXXX-6938
Kavya Nair,Female,2004-09-05,1214 3827 4118,XXXX-XXXX-3374
Aditi Verma,Female,1988-12-24,9004 6126 2475,XXXX-XXXX-8476
Priya Sharma,Female,2001-06-07,1640 1598 3031,XXXX-XXXX-4748
Ishita Das,Female,1989-12-12,7242 5025 8821,XXXX-XXXX-7082
Aditi Verma,Female,1991-02-18,1062 4581 8998,XXXX-XXXX-6196
Sanya Khan,Female,1993-05-16,4715 9778 2453,XXXX-XXXX-9543
Kavya Nair,Female,1997-11-28,2003 6761 5291,XXXX-XXXX-8408
Ishita Das,Female,1992-01-03,2195 1137 4012,XXXX-XXXX-2325
Sanya Khan,Female,1985-05-10,1881 3271 4335,XXXX-XXXX-7779
Aditi Verma,Female,2000-06-07,4713 2977 9118,XXXX-XXXX-9801
Priya Sharma,Female,2001-03-08,3778 1170 5098,XXXX-XXXX-2523
Aditi Verma,Female,1990-09-02,9448 7478 6260,XXXX-XXXX-8262
Aditi Verma,Female,1996-02-19,4646 4554 2286,XXXX-XXXX-9949
Kavya Nair,Female,1992-09-26,8768 7534 8477,XXXX-XXXX-5950
Aditi Verma,Female,1989-03-20,4977 7660 3796,XXXX-XXXX-6839
Kavya Nair,Female,2001-10-16,5847 1775 1425,XXXX-XXXX-7913
Aditi Verma,Female,1995-11-05,2856 8122 4771,XXXX-XXXX-9709
Aditi Verma,Female,1998-12-19,3466 4857 5940,XXXX-XXXX-7473
Priya Sharma,Female,1998-07-14,7789 8649 1214,XXXX-XXXX-2893
Priya Sharma,Female,2002-09-09,7701 6868 2947,XXXX-XXXX-1935
Aditi Verma,Female,1998-01-28,2360 7302 2936,XXXX-XXXX-8393
Sanya Khan,Female,1992-11-24,4281 5681 8498,XXXX-XXXX-8414
Sanya Khan,Female,1999-05-06,7899 6272 6427,XXXX-XXXX-6584
Aditi Verma,Female,2002-07-28,4747 9163 4508,XXXX-XXXX-5946
Priya Sharma,Female,1987-08-20,3083 8765 5180,XXXX-XXXX-3740
Kavya Nair,Female,1988-06-12,4398 1316 5680,XXXX-XXXX-9205
Priya Sharma,Female,1995-12-06,4804 6903 7030,XXXX-XXXX-7231
Ishita Das,Female,1994-02-25,8751 6118 4319,XXXX-XXXX-5783
Priya Sharma,Female,1999-06-24,9313 4046 8395,XXXX-XXXX-9433
Priya Sharma,Female,1994-04-14,2930 8570 7098,XXXX-XXXX-7817
Ishita Das,Female,1987-12-20,1323 5247 9598,XXXX-XXXX-2605
Sanya Khan,Female,1998-10-07,3447 7067 7011,XXXX-XXXX-9898
Kavya Nair,Female,1996-06-26,7798 8611 5389,XXXX-XXXX-6542
Kavya Nair,Female,2000-01-04,5120 3505 9665,XXXX-XXXX-6298
Aditi Verma,Female,2000-09-10,2798 4203 2115,XXXX-XXXX-2936
Priya Sharma,Female,1999-09-06,8283 7476 7225,XXXX-XXXX-7548
Ishita Das,Female,2002-10-02,3562 4507 6117,XXXX-XXXX-3873
Kavya Nair,Female,2002-02-08,7347 7294 4502,XXXX-XXXX-6770
Ishita Das,Female,2005-10-01,1100 7574 8880,XXXX-XXXX-4559
Ishita Das,Female,2005-10-22,4798 3589 4856,XXXX-XXXX-8716
Sanya Khan,Female,2005-02-24,1205 9756 9727,XXXX-XXXX-7122
Kavya Nair,Female,2002-07-23,3547 1353 2917,XXXX-XXXX-1211
Sanya Khan,Female,1988-08-01,7265 7655 4701,XXXX-XXXX-9385
Priya Sharma,Female,1986-11-20,9040 3078 4193,XXXX-XXXX-7913
Sanya Khan,Female,1988-10-09,1713 6382 1768,XXXX-XXXX-1279
Kavya Nair,Female,2005-07-26,2004 2285 8524,XXXX-XXXX-7872
Kavya Nair,Female,1994-12-14,9094 5814 8217,XXXX-XXXX-2672
Kavya Nair,Female,1985-04-14,5047 8160 5768,XXXX-XXXX-4540
Priya Sharma,Female,2001-06-20,7298 8956 5310,XXXX-XXXX-9247
Sanya Khan,Female,1997-10-26,7692 6694 6481,XXXX-XXXX-9062
Sanya Khan,Female,1987-05-26,4071 7974 6159,XXXX-XXXX-8094
Ishita Das,Female,1999-05-05,8399 3613 4107,XXXX-XXXX-3902
Kavya Nair,Female,2005-03-25,6768 3128 7490,XXXX-XXXX-8187
Aditi Verma,Female,2003-11-22,1815 7940 5325,XXXX-XXXX-7865
Ishita Das,Female,1993-04-22,9685 2683 2084,XXXX-XXXX-2686
Ishita Das,Female,2005-07-23,6576 8936 4608,XXXX-XXXX-4454
Aditi Verma,Female,1998-11-06,4656 6348 4328,XXXX-XXXX-2931
Ishita Das,Female,2003-08-01,9574 8903 4832,XXXX-XXXX-8023
Ishita Das,Female,1996-12-20,3558 3285 3531,XXXX-XXXX-4798
Aditi Verma,Female,1996-02-27,8773 2287 1694,XXXX-XXXX-8266
Aditi Verma,Female,1999-11-22,2494 9061 9062,XXXX-XXXX-8457
Sanya Khan,Female,1986-12-24,9548 7531 5391,XXXX-XXXX-7058
Sanya Khan,Female,1997-05-05,1174 5410 3144,XXXX-XXXX-2566
Aditi Verma,Female,1985-02-07,1178 4471 7204,XXXX-XXXX-4034
Priya Sharma,Female,1986-08-12,5347 2865 3758,XXXX-XXXX-7939
Aditi Verma,Female,2001-09-05,8830 4778 9473,XXXX-XXXX-1509
Sanya Khan,Female,1990-04-15,4670 3937 2169,XXXX-XXXX-9201
Priya Sharma,Female,1999-01-16,4581 8828 1858,XXXX-XXXX-7428
Aditi Verma,Female,1992-03-13,6394 7189 3562,XXXX-XXXX-3692
Priya Sharma,Female,1995-01-19,8928 4488 1549,XXXX-XXXX-6281
Kavya Nair,Female,2000-06-11,9004 6280 8383,XXXX-XXXX-5639
Kavya Nair,Female,2000-01-26,8724 8138 6585,XXXX-XXXX-1243
Sanya Khan,Female,1989-10-25,1557 4357 1139,XXXX-XXXX-5530
Sanya Khan,Female,1998-08-28,1847 5399 7648,XXXX-XXXX-4077
Kavya Nair,Female,2003-10-17,9634 8720 5630,XXXX-XXXX-4644
Aditi Verma,Female,1998-05-12,2545 9720 5806,XXXX-XXXX-6218
Aditi Verma,Female,1995-05-19,7737 2654 9048,XXXX-XXXX-8913
Kavya Nair,Female,2002-04-13,1070 5127 2513,XXXX-XXXX-8588
Kavya Nair,Female,1991-01-18,5474 8513 9079,XXXX-XXXX-8097
Priya Sharma,Female,1994-04-07,2742 5656 4915,XXXX-XXXX-6712
Priya Sharma,Female,1989-06-13,5141 3257 1431,XXXX-XXXX-2940
Aditi Verma,Female,1997-02-26,5573 6029 8819,XXXX-XXXX-2790
Aditi Verma,Female,1991-07-20,2306 5074 7100,XXXX-XXXX-1370
Ishita Das,Female,1992-10-07,2424 8942 3413,XXXX-XXXX-4731
Ishita Das,Female,1993-10-20,3408 2284 5647,XXXX-XXXX-4868
Priya Sharma,Female,1988-02-21,5491 8624 7259,XXXX-XXXX-6138
Aditi Verma,Female,1995-12-24,3676 1804 5571,XXXX-XXXX-7390
Sanya Khan,Female,1997-07-01,2561 4631 6878,XXXX-XXXX-6318
Ishita Das,Female,1990-06-16,4633 7946 1390,XXXX-XXXX-9202
Kavya Nair,Female,2002-10-09,3707 8444 4683,XXXX-XXXX-6965
Sanya Khan,Female,1992-04-24,5227 1479 4845,XXXX-XXXX-3955
Kavya Nair,Female,1999-07-20,3697 8785 4626,XXXX-XXXX-5059
Priya Sharma,Female,2000-10-19,2075 5959 6517,XXXX-XXXX-8131
Priya Sharma,Female,1999-02-05,2092 2843 7047,XXXX-XXXX-7677
Sanya Khan,Female,1990-01-12,1686 8711 7320,XXXX-XXXX-9049
Ishita Das,Female,1987-02-03,8395 7792 5909,XXXX-XXXX-7180
Kavya Nair,Female,2000-02-07,7404 8198 7332,XXXX-XXXX-8111
Ishita Das,Female,1999-11-02,9382 1299 3628,XXXX-XXXX-9221
Ishita Das,Female,1992-04-25,3282 2305 3430,XXXX-XXXX-1016
Sanya Khan,Female,1995-09-13,6463 9339 4954,XXXX-XXXX-8570
Aditi Verma,Female,1985-11-07,2266 8106 3347,XXXX-XXXX-4330
Ishita Das,Female,2004-11-23,4446 9197 3798,XXXX-XXXX-6679
Kavya Nair,Female,1986-08-28,4774 9905 2797,XXXX-XXXX-2138
Priya Sharma,Female,2005-12-19,3229 9464 6336,XXXX-XXXX-1385
Aditi Verma,Female,1985-06-27,9753 8398 8871,XXXX-XXXX-3224
Sanya Khan,Female,1991-03-04,3166 7780 4460,XXXX-XXXX-7849
Kavya Nair,Female,1985-06-19,5354 4075 8332,XXXX-XXXX-3611
Kavya Nair,Female,1993-12-20,5695 1444 3590,XXXX-XXXX-6415
Aditi Verma,Female,2005-01-19,1119 6082 6545,XXXX-XXXX-1947
Sanya Khan,Female,1999-12-11,2746 6301 7023,XXXX-XXXX-3352
Sanya Khan,Female,2005-07-25,4049 2973 9822,XXXX-XXXX-5963
Aditi Verma,Female,1990-11-24,2950 6721 7738,XXXX-XXXX-9927
Aditi Verma,Female,1997-07-22,3833 5831 7686,XXXX-XXXX-2617
Kavya Nair,Female,1993-04-21,8164 5460 1219,XXXX-XXXX-5134
Priya Sharma,Female,2001-07-09,9558 2667 5317,XXXX-XXXX-7158
Aditi Verma,Female,1988-03-08,3691 5240 3657,XXXX-XXXX-5915
Sanya Khan,Female,1992-08-11,3000 1180 7485,XXXX-XXXX-2196
Kavya Nair,Female,1998-03-26,7401 4036 1035,XXXX-XXXX-8978
Kavya Nair,Female,1995-07-16,1288 1430 3886,XXXX-XXXX-3841
Aditi Verma,Female,1987-06-20,6513 3569 6891,XXXX-XXXX-8228
Ishita Das,Female,1985-11-20,8848 4974 7457,XXXX-XXXX-1155
Ishita Das,Female,1997-08-10,6445 5115 4879,XXXX-XXXX-3387
Kavya Nair,Female,1994-01-02,1440 3641 6595,XXXX-XXXX-1642
Ishita Das,Female,2000-11-13,3996 1814 7815,XXXX-XXXX-6115
Kavya Nair,Female,1993-01-03,9981 7282 6817,XXXX-XXXX-9009
Aditi Verma,Female,1991-10-26,6928 1166 3245,XXXX-XXXX-2968
Aditi Verma,Female,1994-09-23,5178 8512 2281,XXXX-XXXX-1884
Ishita Das,Female,1997-02-07,9051 7594 8025,XXXX-XXXX-9761
Priya Sharma,Female,1990-02-03,8725 3817 3367,XXXX-XXXX-4638
Priya Sharma,Female,1995-10-18,8273 3255 2783,XXXX-XXXX-4645
Aditi Verma,Female,1997-10-22,6533 2546 9364,XXXX-XXXX-9453
Aditi Verma,Female,1992-03-08,1883 2067 6897,XXXX-XXXX-6060
Priya Sharma,Female,1992-09-14,9007 9171 9654,XXXX-XXXX-3979
Priya Sharma,Female,1994-02-20,4673 5418 8697,XXXX-XXXX-7903
Ishita Das,Female,2005-09-17,5225 8896 7171,XXXX-XXXX-5370
Sanya Khan,Female,1999-02-28,5380 1531 7250,XXXX-XXXX-1647
Priya Sharma,Female,1991-12-28,3486 4024 5225,XXXX-XXXX-2278
Ishita Das,Female,1986-12-02,8193 9529 7252,XXXX-XXXX-9023
Kavya Nair,Female,2004-05-01,6637 5621 2697,XXXX-XXXX-9104
Kavya Nair,Female,2002-08-04,5085 1166 3639,XXXX-XXXX-5468
Sanya Khan,Female,1998-12-22,7723 4364 5965,XXXX-XXXX-2466
Ishita Das,Female,2004-01-13,3855 7595 6118,XXXX-XXXX-5656
Kavya Nair,Female,2005-06-17,4752 4915 7476,XXXX-XXXX-7636
Ishita Das,Female,2005-11-02,8839 5716 2366,XXXX-XXXX-1669
Aditi Verma,Female,1985-11-24,7397 7944 4264,XXXX-XXXX-8298
Ishita Das,Female,1998-10-22,6657 8894 2583,XXXX-XXXX-2495
Priya Sharma,Female,1993-01-21,7906 6761 2805,XXXX-XXXX-1988
Aditi Verma,Female,1985-09-17,2750 2534 4328,XXXX-XXXX-8671
Ishita Das,Female,1995-08-28,8814 1609 5708,XXXX-XXXX-6836
Sanya Khan,Female,1992-11-06,3651 6660 3556,XXXX-XXXX-2401
Ishita Das,Female,2000-05-12,2374 4370 3944,XXXX-XXXX-4853
Priya Sharma,Female,1990-01-22,9976 6561 2622,XXXX-XXXX-1808
Priya Sharma,Female,2003-05-08,7775 7133 9591,XXXX-XXXX-4406
Ishita Das,Female,1988-08-18,1298 6637 2928,XXXX-XXXX-8036
Kavya Nair,Female,1990-07-23,9997 1101 9552,XXXX-XXXX-9082
Priya Sharma,Female,1994-10-09,1340 3466 8865,XXXX-XXXX-7721
Sanya Khan,Female,2001-06-28,2061 6783 5018,XXXX-XXXX-2417
Sanya Khan,Female,1990-11-21,4122 1424 8128,XXXX-XXXX-1999
Ishita Das,Female,1995-05-15,2545 9997 2349,XXXX-XXXX-2911
Kavya Nair,Female,1989-10-22,3260 4510 5559,XXXX-XXXX-1979
Kavya Nair,Female,1997-01-28,9311 4088 9763,XXXX-XXXX-3581
Ishita Das,Female,1993-06-01,6599 5011 6082,XXXX-XXXX-3696
Priya Sharma,Female,1991-07-22,2078 9339 6161,XXXX-XXXX-7016
Aditi Verma,Female,1995-02-05,1886 2359 3018,XXXX-XXXX-9257
Ishita Das,Female,1987-01-21,6675 6057 1318,XXXX-XXXX-7444
Priya Sharma,Female,2000-12-01,3054 3249 1371,XXXX-XXXX-9639
Ishita Das,Female,1997-03-14,9149 2538 1165,XXXX-XXXX-5451
Kavya Nair,Female,1991-06-13,6047 4640 8104,XXXX-XXXX-9769
Priya Sharma,Female,1997-08-07,7003 3310 6089,XXXX-XXXX-1477
Sanya Khan,Female,1992-01-17,5289 9150 3399,XXXX-XXXX-5244
Kavya Nair,Female,1988-01-22,8465 3671 2508,XXXX-XXXX-6972
Priya Sharma,Female,2004-07-27,1091 6569 1634,XXXX-XXXX-5280
Priya Sharma,Female,1994-03-19,8818 2069 6251,XXXX-XXXX-5326
Aditi Verma,Female,1992-10-28,8125 4481 4717,XXXX-XXXX-5748
Kavya Nair,Female,1985-03-24,9436 9486 9035,XXXX-XXXX-3959
Ishita Das,Female,1993-10-06,8702 4539 7639,XXXX-XXXX-3992
Priya Sharma,Female,2005-03-16,7109 5271 1433,XXXX-XXXX-3260
Ishita Das,Female,1989-06-10,4282 5252 8536,XXXX-XXXX-7481
Aditi Verma,Female,1986-04-23,3765 5180 4245,XXXX-XXXX-1005
Aditi Verma,Female,2003-04-10,9870 5652 9883,XXXX-XXXX-7171
Priya Sharma,Female,1995-10-22,1312 9725 6169,XXXX-XXXX-4188
Aditi Verma,Female,1995-03-06,8539 7838 2362,XXXX-XXXX-5305
Priya Sharma,Female,1987-10-19,8065 5275 4926,XXXX-XXXX-4380
Priya Sharma,Female,2001-02-04,5266 6158 6626,XXXX-XXXX-5681
Priya Sharma,Female,2005-11-11,7984 7661 1578,XXXX-XXXX-7575
Ishita Das,Female,1985-05-16,2087 1133 6652,XXXX-XXXX-7041
Kavya Nair,Female,1998-01-05,7896 3230 4601,XXXX-XXXX-7511
Kavya Nair,Female,1991-04-02,3339 4975 1731,XXXX-XXXX-1058
Ishita Das,Female,1989-03-06,4098 5231 9036,XXXX-XXXX-4671
Priya Sharma,Female,1992-08-28,3539 2479 6594,XXXX-XXXX-7630
Priya Sharma,Female,2005-07-27,4878 3873 8951,XXXX-XXXX-6882
Priya Sharma,Female,2005-09-12,8352 1759 8621,XXXX-XXXX-9557
Ishita Das,Female,2004-02-28,4934 1442 1925,XXXX-XXXX-2011
Ishita Das,Female,2005-11-26,5518 6209 8527,XXXX-XXXX-6878
Priya Sharma,Female,1996-05-26,7987 3274 3670,XXXX-XXXX-6553
Ishita Das,Female,1986-02-08,2732 9916 6628,XXXX-XXXX-5266
Kavya Nair,Female,2004-05-17,8127 6253 5914,XXXX-XXXX-8274
Sanya Khan,Female,1989-02-27,2569 7986 8547,XXXX-XXXX-6977
Sanya Khan,Female,1991-01-22,4154 5619 3460,XXXX-XXXX-8407
Sanya Khan,Female,2004-07-10,7793 1815 6122,XXXX-XXXX-3628
Aditi Verma,Female,1993-05-02,3000 7765 2684,XXXX-XXXX-3406
Priya Sharma,Female,1989-12-01,5204 8419 5315,XXXX-XXXX-2209
Priya Sharma,Female,1998-04-09,3684 6060 4741,XXXX-XXXX-7050
Sanya Khan,Female,2000-11-20,8323 3795 1096,XXXX-XXXX-6525
Kavya Nair,Female,2004-01-06,7931 9508 1134,XXXX-XXXX-4201
Sanya Khan,Female,1985-08-23,4625 3723 8436,XXXX-XXXX-9282
Sanya Khan,Female,2000-01-18,7612 5529 9818,XXXX-XXXX-1264
Kavya Nair,Female,1990-03-03,5511 1559 4090,XXXX-XXXX-6687
Ishita Das,Female,2003-09-21,3229 6402 8611,XXXX-XXXX-4162
Priya Sharma,Female,2002-11-04,2904 8229 3155,XXXX-XXXX-7842
Sanya Khan,Female,1997-07-05,5717 8402 2215,XXXX-XXXX-9744
Ishita Das,Female,1997-08-15,8035 1978 7963,XXXX-XXXX-9028
Kavya Nair,Female,1999-11-03,1946 7991 7012,XXXX-XXXX-1771
Aditi Verma,Female,1995-06-22,9674 1157 3411,XXXX-XXXX-2128
Kavya Nair,Female,1992-06-20,8767 8090 7938,XXXX-XXXX-5999
Sanya Khan,Female,1993-06-02,6311 8668 3659,XXXX-XXXX-9716
Ishita Das,Female,2004-07-09,2839 7689 1234,XXXX-XXXX-2177
Sanya Khan,Female,1998-06-26,4530 7172 2439,XXXX-XXXX-2743
Aditi Verma,Female,1986-12-03,3116 8186 5733,XXXX-XXXX-3810
Priya Sharma,Female,1985-07-27,3018 8586 1338,XXXX-XXXX-7768
Sanya Khan,Female,1996-02-13,7383 7290 7318,XXXX-XXXX-4654
Sanya Khan,Female,1986-03-18,7071 4481 5175,XXXX-XXXX-6804
Kavya Nair,Female,2002-12-20,4825 2833 3085,XXXX-XXXX-3032
Aditi Verma,Female,1989-08-01,8313 7958 5213,XXXX-XXXX-9362
Aditi Verma,Female,1991-10-14,1771 8448 1097,XXXX-XXXX-5287
Ishita Das,Female,2001-02-08,7103 8190 5750,XXXX-XXXX-2857
Kavya Nair,Female,1987-04-08,7006 6492 6470,XXXX-XXXX-8984
Kavya Nair,Female,1989-01-16,6328 1726 9369,XXXX-XXXX-1917
Aditi Verma,Female,2000-02-20,7474 7359 8089,XXXX-XXXX-3167
Aditi Verma,Female,1986-04-02,7597 2818 1690,XXXX-XXXX-7569
Ishita Das,Female,2004-01-12,2115 9458 9076,XXXX-XXXX-9824
Aditi Verma,Female,2005-10-06,5426 7869 1527,XXXX-XXXX-9142
Aditi Verma,Female,1988-02-17,7050 1976 8383,XXXX-XXXX-8501
Sanya Khan,Female,1987-09-17,7291 5919 5984,XXXX-XXXX-3131
Aditi Verma,Female,1991-02-10,4155 4609 9314,XXXX-XXXX-9087
Ishita Das,Female,1999-07-22,5476 6634 7184,XXXX-XXXX-2116
Priya Sharma,Female,1989-06-17,9084 5064 3296,XXXX-XXXX-2780
Aditi Verma,Female,2003-03-27,5813 4837 1778,XXXX-XXXX-6388
Kavya Nair,Female,2003-02-02,8404 1974 2295,XXXX-XXXX-8301
Ishita Das,Female,1988-09-18,4387 8238 1215,XXXX-XXXX-6264
Ishita Das,Female,1998-11-26,9386 9190 3895,XXXX-XXXX-3717
Sanya Khan,Female,1988-12-09,6958 4043 8357,XXXX-XXXX-8132
Priya Sharma,Female,1994-10-25,6603 3542 3748,XXXX-XXXX-7201
Aditi Verma,Female,1998-03-12,2810 7604 4508,XXXX-XXXX-2761
Priya Sharma,Female,1997-11-17,9841 7802 4514,XXXX-XXXX-4242
Kavya Nair,Female,1992-04-23,1615 1068 2566,XXXX-XXXX-6826
Kavya Nair,Female,1992-11-17,4217 9165 5245,XXXX-XXXX-4604
Priya Sharma,Female,1999-08-18,1655 9365 3998,XXXX-XXXX-1503
Priya Sharma,Female,1994-06-12,7655 3534 8191,XXXX-XXXX-2231
Sanya Khan,Female,1994-05-28,3014 3281 7209,XXXX-XXXX-9973
Aditi Verma,Female,1985-03-05,6126 9033 1751,XXXX-XXXX-3445
Ishita Das,Female,1985-09-26,1933 1206 3408,XXXX-XXXX-1179
Sanya Khan,Female,1995-05-15,2178 4705 1121,XXXX-XXXX-9314
Ishita Das,Female,1987-01-18,6252 2788 1939,XXXX-XXXX-3415
Sanya Khan,Female,2002-01-02,9789 9784 1893,XXXX-XXXX-1462
Sanya Khan,Female,1999-08-15,3716 6136 3960,XXXX-XXXX-2068
Kavya Nair,Female,2000-04-05,4681 8179 4861,XXXX-XXXX-2680
Kavya Nair,Female,1991-08-04,1420 7347 3582,XXXX-XXXX-6251
Aditi Verma,Female,1994-03-05,3531 4790 1191,XXXX-XXXX-4046
Priya Sharma,Female,2003-06-02,2193 9138 5132,XXXX-XXXX-3453
Sanya Khan,Female,1998-08-01,3028 4967 6387,XXXX-XXXX-9183
Kavya Nair,Female,1988-02-16,4011 7976 8863,XXXX-XXXX-6046
Kavya Nair,Female,1985-07-12,3170 1369 6489,XXXX-XXXX-5452
Sanya Khan,Female,1987-05-28,3808 4398 3947,XXXX-XXXX-2701
Aditi Verma,Female,1989-01-14,9941 5175 5167,XXXX-XXXX-7669
Aditi Verma,Female,2000-07-15,1651 6671 7800,XXXX-XXXX-5635
Ishita Das,Female,1997-04-01,2340 4487 1435,XXXX-XXXX-9017
Aditi Verma,Female,1996-06-10,6646 7790 4044,XXXX-XXXX-5815
Aditi Verma,Female,1997-01-04,1912 6518 7581,XXXX-XXXX-9112
Aditi Verma,Female,2001-08-17,3030 1965 6135,XXXX-XXXX-4072
Aditi Verma,Female,1998-06-20,5649 6431 9099,XXXX-XXXX-6018
Sanya Khan,Female,2005-02-07,1407 4718 4373,XXXX-XXXX-3915
Sanya Khan,Female,1993-07-26,1249 6655 6814,XXXX-XXXX-1716
Ishita Das,Female,1985-11-08,9269 6672 2110,XXXX-XXXX-8316
Aditi Verma,Female,1985-12-26,5777 3326 8476,XXXX-XXXX-6460
Aditi Verma,Female,1998-01-24,7677 5844 4486,XXXX-XXXX-5867
Sanya Khan,Female,1996-05-16,3105 4002 7194,XXXX-XXXX-7260
Aditi Verma,Female,1988-03-06,6866 7801 8014,XXXX-XXXX-6193
Sanya Khan,Female,1986-08-09,8751 3020 4316,XXXX-XXXX-7218
Sanya Khan,Female,1990-04-15,1076 5891 6539,XXXX-XXXX-5202
Aditi Verma,Female,1994-10-25,8432 1736 3618,XXXX-XXXX-5501
Aditi Verma,Female,1992-06-07,7842 1890 5243,XXXX-XXXX-6017
Priya Sharma,Female,1986-08-27,9042 5629 4367,XXXX-XXXX-6050
Ishita Das,Female,1993-06-26,1676 8898 3291,XXXX-XXXX-3007
Priya Sharma,Female,2000-02-10,3213 3146 9269,XXXX-XXXX-3888
Sanya Khan,Female,2001-05-10,2203 1057 4649,XXXX-XXXX-8725
Aditi Verma,Female,1997-04-09,9324 6798 5524,XXXX-XXXX-3014
Sanya Khan,Female,1986-12-09,1217 5755 7925,XXXX-XXXX-3289
Kavya Nair,Female,1999-09-21,1858 3774 9316,XXXX-XXXX-9404
Priya Sharma,Female,2003-09-22,9467 6191 9879,XXXX-XXXX-9994
Sanya Khan,Female,2005-07-26,1927 1739 7794,XXXX-XXXX-4536
Aditi Verma,Female,2000-12-15,6892 7647 6399,XXXX-XXXX-7356
Ishita Das,Female,1994-04-20,7722 4602 7286,XXXX-XXXX-8266
Kavya Nair,Female,1993-03-02,7461 6185 2446,XXXX-XXXX-3204
Ishita Das,Female,1998-12-17,2295 9909 9570,XXXX-XXXX-4460
Sanya Khan,Female,1986-03-01,1182 4684 9288,XXXX-XXXX-6839
Kavya Nair,Female,2003-07-03,2242 6433 5490,XXXX-XXXX-9639
Aditi Verma,Female,1986-08-14,7348 4283 1331,XXXX-XXXX-8052
Sanya Khan,Female,1989-04-21,3259 8713 3705,XXXX-XXXX-7187
Priya Sharma,Female,1995-12-19,2623 1558 1861,XXXX-XXXX-4852
Kavya Nair,Female,2000-10-04,6205 5438 1363,XXXX-XXXX-9751
Sanya Khan,Female,1987-06-25,4100 7629 7739,XXXX-XXXX-9583
Priya Sharma,Female,1995-03-03,9725 4872 2219,XXXX-XXXX-3244
Priya Sharma,Female,1985-02-23,6506 7056 5668,XXXX-XXXX-6886
Sanya Khan,Female,2005-04-17,5014 9205 8404,XXXX-XXXX-7085
Aditi Verma,Female,2000-08-24,5419 6946 9905,XXXX-XXXX-2222
Priya Sharma,Female,1999-11-03,8640 8213 8961,XXXX-XXXX-9542
Kavya Nair,Female,2002-09-18,7772 7878 9312,XXXX-XXXX-1873
Ishita Das,Female,2004-01-05,2715 1930 3609,XXXX-XXXX-9958
Priya Sharma,Female,1992-03-06,8762 1138 6109,XXXX-XXXX-7249
Ishita Das,Female,1997-12-28,9861 3750 5603,XXXX-XXXX-4639
Aditi Verma,Female,2000-05-06,5152 5860 4226,XXXX-XXXX-3898
Priya Sharma,Female,1998-04-09,2481 4977 2917,XXXX-XXXX-9405
Sanya Khan,Female,2003-03-27,2369 1071 6691,XXXX-XXXX-5513
Ishita Das,Female,1997-02-18,4930 6648 9609,XXXX-XXXX-7882
Kavya Nair,Female,1996-12-09,6489 6651 5930,XXXX-XXXX-7769
Aditi Verma,Female,1985-07-21,3284 3702 9708,XXXX-XXXX-1261
Sanya Khan,Female,1993-06-09,1942 5304 7339,XXXX-XXXX-2810
Sanya Khan,Female,1989-02-19,4474 5378 7270,XXXX-XXXX-2590
Kavya Nair,Female,2001-12-13,1485 4049 3480,XXXX-XXXX-5640
Aditi Verma,Female,1996-11-16,5855 3715 6104,XXXX-XXXX-3783
Ishita Das,Female,1993-06-22,8719 6503 2027,XXXX-XXXX-8670
Sanya Khan,Female,1992-03-07,7669 2484 4874,XXXX-XXXX-1279
Kavya Nair,Female,2005-06-10,2242 8421 8412,XXXX-XXXX-3832
Ishita Das,Female,1997-03-18,9336 5189 8898,XXXX-XXXX-8193
Priya Sharma,Female,1994-03-23,9951 5952 7567,XXXX-XXXX-6072
Aditi Verma,Female,1994-01-15,2526 7060 7905,XXXX-XXXX-8594
Kavya Nair,Female,1988-11-28,3338 3529 5428,XXXX-XXXX-4567
Kavya Nair,Female,2004-08-07,7063 5586 1658,XXXX-XXXX-4366
Kavya Nair,Female,1985-12-13,7354 5726 2938,XXXX-XXXX-4601
Sanya Khan,Female,1997-08-16,6637 7090 9464,XXXX-XXXX-4313
Priya Sharma,Female,1993-05-01,5661 5855 8152,XXXX-XXXX-7056
Ishita Das,Female,1994-06-09,6420 4404 8072,XXXX-XXXX-7301
Kavya Nair,Female,1986-06-19,1695 2331 4037,XXXX-XXXX-8234
Sanya Khan,Female,2004-10-25,8661 1157 3253,XXXX-XXXX-9236
Ishita Das,Female,2003-01-15,8949 3942 5703,XXXX-XXXX-2479
Sanya Khan,Female,2004-08-28,7479 9033 3611,XXXX-XXXX-5969
Ishita Das,Female,1999-04-14,2647 6500 4220,XXXX-XXXX-4215
Aditi Verma,Female,2002-04-19,9284 2587 3635,XXXX-XXXX-8662
Sanya Khan,Female,2003-07-14,1075 4366 5727,XXXX-XXXX-4706
Kavya Nair,Female,1992-10-26,7018 6053 9047,XXXX-XXXX-8730
Ishita Das,Female,1998-05-08,1949 4601 6848,XXXX-XXXX-9274
Kavya Nair,Female,1992-09-27,3030 7585 3061,XXXX-XXXX-3429
Ishita Das,Female,1991-02-14,7138 8836 8339,XXXX-XXXX-1734
Kavya Nair,Female,2005-07-18,4035 7288 6347,XXXX-XXXX-4591
Kavya Nair,Female,2003-01-16,5567 9539 2188,XXXX-XXXX-5788
Aditi Verma,Female,1994-09-11,9462 7238 1931,XXXX-XXXX-6437
Ishita Das,Female,1990-01-12,5279 7220 7692,XXXX-XXXX-9946
Sanya Khan,Female,2004-07-28,2001 1879 4443,XXXX-XXXX-9221
Aditi Verma,Female,2004-06-19,2693 4092 6036,XXXX-XXXX-3215
Priya Sharma,Female,1991-05-16,5839 6691 7910,XXXX-XXXX-5890
Aditi Verma,Female,1986-12-22,8596 9412 7225,XXXX-XXXX-8650
Priya Sharma,Female,1989-04-03,6687 7699 4415,XXXX-XXXX-7279
Aditi Verma,Female,1985-03-13,9922 6787 2956,XXXX-XXXX-7424
Sanya Khan,Female,2001-05-27,1028 6313 8569,XXXX-XXXX-8941
Ishita Das,Female,2000-12-04,4097 4723 2959,XXXX-XXXX-8724
Kavya Nair,Female,1989-09-28,8533 5160 3333,XXXX-XXXX-6927
Ishita Das,Female,1997-12-23,6013 7902 4526,XXXX-XXXX-5521
Ishita Das,Female,1990-10-04,8306 5886 4085,XXXX-XXXX-8041
Sanya Khan,Female,2000-07-22,7625 1185 5386,XXXX-XXXX-4145
Sanya Khan,Female,1991-09-04,9214 8093 6794,XXXX-XXXX-1973
Aditi Verma,Female,2001-08-13,8348 1042 6332,XXXX-XXXX-6779
Ishita Das,Female,2005-09-22,2144 5723 6845,XXXX-XXXX-2166
Ishita Das,Female,1990-05-03,9401 9515 8166,XXXX-XXXX-6453
Priya Sharma,Female,2001-01-23,5744 2263 2889,XXXX-XXXX-3024
Sanya Khan,Female,1986-05-01,7589 7437 7085,XXXX-XXXX-8459
Sanya Khan,Female,1992-01-13,7165 8726 7333,XXXX-XXXX-7408
Priya Sharma,Female,1998-10-09,9233 8343 5024,XXXX-XXXX-8393
Aditi Verma,Female,1985-04-26,8155 4589 2135,XXXX-XXXX-3775
Sanya Khan,Female,1991-11-23,7517 8869 8252,XXXX-XXXX-2940
Aditi Verma,Female,2002-10-11,2461 9811 6734,XXXX-XXXX-5964
Sanya Khan,Female,1999-10-28,4755 1048 1107,XXXX-XXXX-4089
Aditi Verma,Female,1995-12-25,1776 8872 1038,XXXX-XXXX-8587
Sanya Khan,Female,2003-11-24,2890 8590 5466,XXXX-XXXX-7963
Priya Sharma,Female,2001-07-22,4138 8310 1067,XXXX-XXXX-7916
Sanya Khan,Female,2004-01-12,6475 1512 6160,XXXX-XXXX-7040
Aditi Verma,Female,2004-09-16,2311 9668 6596,XXXX-XXXX-5565
Kavya Nair,Female,1999-01-02,3950 4899 9981,XXXX-XXXX-2088
Priya Sharma,Female,1987-06-06,6007 2260 6519,XXXX-XXXX-4542
Kavya Nair,Female,2000-01-15,6448 4598 1517,XXXX-XXXX-2487
Sanya Khan,Female,1986-10-21,6842 8315 7569,XXXX-XXXX-8451
Sanya Khan,Female,1992-10-28,4990 4936 3687,XXXX-XXXX-2239
Aditi Verma,Female,1993-11-11,2093 1347 7265,XXXX-XXXX-9901
Sanya Khan,Female,1987-07-19,6627 3244 1915,XXXX-XXXX-1349
Sanya Khan,Female,1994-12-19,8663 9017 6712,XXXX-XXXX-5194
Sanya Khan,Female,1993-11-06,1820 3393 9158,XXXX-XXXX-1206
Aditi Verma,Female,2005-03-01,5035 6359 2416,XXXX-XXXX-2254
Kavya Nair,Female,1986-12-05,2658 9416 8750,XXXX-XXXX-7875
Ishita Das,Female,2000-12-12,3523 2447 9243,XXXX-XXXX-2008
Kavya Nair,Female,1989-01-26,4681 6024 3476,XXXX-XXXX-8723
Kavya Nair,Female,1991-10-15,2359 2600 2562,XXXX-XXXX-5132
Aditi Verma,Female,2001-05-18,8906 5707 8338,XXXX-XXXX-9603
Ishita Das,Female,1999-12-17,5900 5048 6403,XXXX-XXXX-7630
Ishita Das,Female,1987-05-21,4914 6123 3702,XXXX-XXXX-7710
Sanya Khan,Female,1995-04-09,9979 3517 8578,XXXX-XXXX-3783
Aditi Verma,Female,1991-08-19,2846 5082 2185,XXXX-XXXX-9043
Sanya Khan,Female,1989-10-25,5246 1457 7229,XXXX-XXXX-2277
Kavya Nair,Female,1993-07-11,6637 3317 9922,XXXX-XXXX-5757
Sanya Khan,Female,1997-01-23,2116 9552 7521,XXXX-XXXX-7323
Kavya Nair,Female,2004-05-27,4252 8497 4675,XXXX-XXXX-7343
Sanya Khan,Female,1990-05-23,9640 3374 7151,XXXX-XXXX-5480
Sanya Khan,Female,1997-05-26,9119 6591 5611,XXXX-XXXX-7782
Sanya Khan,Female,1987-10-27,7457 4546 3138,XXXX-XXXX-1800
Priya Sharma,Female,2004-12-24,1600 5153 3469,XXXX-XXXX-5502
Kavya Nair,Female,1990-12-03,6002 6710 2954,XXXX-XXXX-8388
Priya Sharma,Female,1992-04-27,7277 5835 3349,XXXX-XXXX-9023
Aditi Verma,Female,1989-08-22,7954 4683 7817,XXXX-XXXX-3100
Ishita Das,Female,1992-07-25,6584 6007 1050,XXXX-XXXX-1445
Ishita Das,Female,1992-08-25,2261 9115 7384,XXXX-XXXX-4170
Priya Sharma,Female,2003-07-03,2641 3034 5433,XXXX-XXXX-1465
Aditi Verma,Female,2005-09-08,3670 6874 3816,XXXX-XXXX-4799
Ishita Das,Female,1986-01-25,9638 3619 2845,XXXX-XXXX-9731
Priya Sharma,Female,1995-08-18,4524 4482 5549,XXXX-XXXX-5858
Aditi Verma,Female,2001-05-03,7233 9057 4529,XXXX-XXXX-9278
Aditi Verma,Female,1994-03-16,1722 3742 7565,XXXX-XXXX-9690
Priya Sharma,Female,1999-10-22,9862 9816 9455,XXXX-XXXX-3584
Ishita Das,Female,1988-06-19,2589 3386 6601,XXXX-XXXX-2070
Ishita Das,Female,2001-07-12,7080 5557 4151,XXXX-XXXX-5702
Aditi Verma,Female,2004-05-27,1079 2993 3101,XXXX-XXXX-7281
Kavya Nair,Female,1986-02-06,7453 9381 7074,XXXX-XXXX-9829
Sanya Khan,Female,1988-10-13,5065 1697 9591,XXXX-XXXX-6021
Sanya Khan,Female,2004-07-22,7509 2811 6957,XXXX-XXXX-9072
Kavya Nair,Female,1994-10-10,2693 8283 1064,XXXX-XXXX-7139
Sanya Khan,Female,1991-08-26,3299 2014 9834,XXXX-XXXX-7155
Ishita Das,Female,1986-07-28,5491 2914 5847,XXXX-XXXX-6756
Sanya Khan,Female,1987-12-04,5426 1445 7150,XXXX-XXXX-9062
Aditi Verma,Female,1989-10-28,9057 4397 9913,XXXX-XXXX-9467
Aditi Verma,Female,1993-05-26,6331 1635 4392,XXXX-XXXX-7090
Sanya Khan,Female,1997-07-10,6058 4080 8702,XXXX-XXXX-3685
Aditi Verma,Female,1995-10-12,7265 7569 6805,XXXX-XXXX-8594
Aditi Verma,Female,1999-12-08,5184 4988 8373,XXXX-XXXX-4529
Priya Sharma,Female,1988-05-13,1817 4842 7506,XXXX-XXXX-8799
Aditi Verma,Female,1993-12-25,1262 8374 1322,XXXX-XXXX-4241
Kavya Nair,Female,2000-03-22,8513 8838 4865,XXXX-XXXX-6768
Kavya Nair,Female,1992-10-07,4444 3248 3587,XXXX-XXXX-7315
Aditi Verma,Female,1994-02-26,7089 8018 1708,XXXX-XXXX-9301
Kavya Nair,Female,2005-11-13,5790 3895 2653,XXXX-XXXX-7882
Sanya Khan,Female,2000-02-06,1062 8854 1975,XXXX-XXXX-8969
Sanya Khan,Female,1999-12-12,3479 6761 2514,XXXX-XXXX-7894
Kavya Nair,Female,1993-04-24,1225 8844 6081,XXXX-XXXX-9820
